type,pageSize,startOffset,endOffset
brk,-1,0,8698986496
file,-1,0,1073741824
mmap,-1,0,104857600
brk,2097152,0,2097152
brk,2097152,4194304,6291456
brk,2097152,8388608,10485760
brk,2097152,12582912,14680064
brk,2097152,16777216,18874368
brk,2097152,20971520,23068672
brk,2097152,25165824,27262976
brk,2097152,29360128,31457280
brk,2097152,33554432,35651584
brk,2097152,37748736,39845888
brk,2097152,41943040,44040192
brk,2097152,46137344,48234496
brk,2097152,50331648,52428800
brk,2097152,54525952,56623104
brk,2097152,58720256,60817408
brk,2097152,62914560,65011712
brk,2097152,67108864,69206016
brk,2097152,71303168,73400320
brk,2097152,75497472,77594624
brk,2097152,79691776,81788928
brk,2097152,83886080,85983232
brk,2097152,88080384,90177536
brk,2097152,92274688,94371840
brk,2097152,96468992,98566144
brk,2097152,100663296,102760448
brk,2097152,104857600,106954752
brk,2097152,109051904,111149056
brk,2097152,113246208,115343360
brk,2097152,117440512,119537664
brk,2097152,121634816,123731968
brk,2097152,125829120,127926272
brk,2097152,130023424,132120576
brk,2097152,134217728,136314880
brk,2097152,138412032,140509184
brk,2097152,142606336,144703488
brk,2097152,146800640,148897792
brk,2097152,150994944,153092096
brk,2097152,155189248,157286400
brk,2097152,159383552,161480704
brk,2097152,163577856,165675008
brk,2097152,167772160,169869312
brk,2097152,171966464,174063616
brk,2097152,176160768,178257920
brk,2097152,180355072,182452224
brk,2097152,184549376,186646528
brk,2097152,188743680,190840832
brk,2097152,192937984,195035136
brk,2097152,197132288,199229440
brk,2097152,201326592,203423744
brk,2097152,205520896,207618048
brk,2097152,209715200,211812352
brk,2097152,213909504,216006656
brk,2097152,218103808,220200960
brk,2097152,222298112,224395264
brk,2097152,226492416,228589568
brk,2097152,230686720,232783872
brk,2097152,234881024,236978176
brk,2097152,239075328,241172480
brk,2097152,243269632,245366784
brk,2097152,247463936,249561088
brk,2097152,251658240,253755392
brk,2097152,255852544,257949696
brk,2097152,260046848,262144000
brk,2097152,264241152,266338304
brk,2097152,268435456,270532608
brk,2097152,272629760,274726912
brk,2097152,276824064,278921216
brk,2097152,281018368,283115520
brk,2097152,285212672,287309824
brk,2097152,289406976,291504128
brk,2097152,293601280,295698432
brk,2097152,297795584,299892736
brk,2097152,301989888,304087040
brk,2097152,306184192,308281344
brk,2097152,310378496,312475648
brk,2097152,314572800,316669952
brk,2097152,318767104,320864256
brk,2097152,322961408,325058560
brk,2097152,327155712,329252864
brk,2097152,331350016,333447168
brk,2097152,335544320,337641472
brk,2097152,339738624,341835776
brk,2097152,343932928,346030080
brk,2097152,348127232,350224384
brk,2097152,352321536,354418688
brk,2097152,356515840,358612992
brk,2097152,360710144,362807296
brk,2097152,364904448,367001600
brk,2097152,369098752,371195904
brk,2097152,373293056,375390208
brk,2097152,377487360,379584512
brk,2097152,381681664,383778816
brk,2097152,385875968,387973120
brk,2097152,390070272,392167424
brk,2097152,394264576,396361728
brk,2097152,398458880,400556032
brk,2097152,402653184,404750336
brk,2097152,406847488,408944640
brk,2097152,411041792,413138944
brk,2097152,415236096,417333248
brk,2097152,419430400,421527552
brk,2097152,423624704,425721856
brk,2097152,427819008,429916160
brk,2097152,432013312,434110464
brk,2097152,436207616,438304768
brk,2097152,440401920,442499072
brk,2097152,444596224,446693376
brk,2097152,448790528,450887680
brk,2097152,452984832,455081984
brk,2097152,457179136,459276288
brk,2097152,461373440,463470592
brk,2097152,465567744,467664896
brk,2097152,469762048,471859200
brk,2097152,473956352,476053504
brk,2097152,478150656,480247808
brk,2097152,482344960,484442112
brk,2097152,486539264,488636416
brk,2097152,490733568,492830720
brk,2097152,494927872,497025024
brk,2097152,499122176,501219328
brk,2097152,503316480,505413632
brk,2097152,507510784,509607936
brk,2097152,511705088,513802240
brk,2097152,515899392,517996544
brk,2097152,520093696,522190848
brk,2097152,524288000,526385152
brk,2097152,528482304,530579456
brk,2097152,532676608,534773760
brk,2097152,536870912,538968064
brk,2097152,541065216,543162368
brk,2097152,545259520,547356672
brk,2097152,549453824,551550976
brk,2097152,553648128,555745280
brk,2097152,557842432,559939584
brk,2097152,562036736,564133888
brk,2097152,566231040,568328192
brk,2097152,570425344,572522496
brk,2097152,574619648,576716800
brk,2097152,578813952,580911104
brk,2097152,583008256,585105408
brk,2097152,587202560,589299712
brk,2097152,591396864,593494016
brk,2097152,595591168,597688320
brk,2097152,599785472,601882624
brk,2097152,603979776,606076928
brk,2097152,608174080,610271232
brk,2097152,612368384,614465536
brk,2097152,616562688,618659840
brk,2097152,620756992,622854144
brk,2097152,624951296,627048448
brk,2097152,629145600,631242752
brk,2097152,633339904,635437056
brk,2097152,637534208,639631360
brk,2097152,641728512,643825664
brk,2097152,645922816,648019968
brk,2097152,650117120,652214272
brk,2097152,654311424,656408576
brk,2097152,658505728,660602880
brk,2097152,662700032,664797184
brk,2097152,666894336,668991488
brk,2097152,671088640,673185792
brk,2097152,675282944,677380096
brk,2097152,679477248,681574400
brk,2097152,683671552,685768704
brk,2097152,687865856,689963008
brk,2097152,692060160,694157312
brk,2097152,696254464,698351616
brk,2097152,700448768,702545920
brk,2097152,704643072,706740224
brk,2097152,708837376,710934528
brk,2097152,713031680,715128832
brk,2097152,717225984,719323136
brk,2097152,721420288,723517440
brk,2097152,725614592,727711744
brk,2097152,729808896,731906048
brk,2097152,734003200,736100352
brk,2097152,738197504,740294656
brk,2097152,742391808,744488960
brk,2097152,746586112,748683264
brk,2097152,750780416,752877568
brk,2097152,754974720,757071872
brk,2097152,759169024,761266176
brk,2097152,763363328,765460480
brk,2097152,767557632,769654784
brk,2097152,771751936,773849088
brk,2097152,775946240,778043392
brk,2097152,780140544,782237696
brk,2097152,784334848,786432000
brk,2097152,788529152,790626304
brk,2097152,792723456,794820608
brk,2097152,796917760,799014912
brk,2097152,801112064,803209216
brk,2097152,805306368,807403520
brk,2097152,809500672,811597824
brk,2097152,813694976,815792128
brk,2097152,817889280,819986432
brk,2097152,822083584,824180736
brk,2097152,826277888,828375040
brk,2097152,830472192,832569344
brk,2097152,834666496,836763648
brk,2097152,838860800,840957952
brk,2097152,843055104,845152256
brk,2097152,847249408,849346560
brk,2097152,851443712,853540864
brk,2097152,855638016,857735168
brk,2097152,859832320,861929472
brk,2097152,864026624,866123776
brk,2097152,868220928,870318080
brk,2097152,872415232,874512384
brk,2097152,876609536,878706688
brk,2097152,880803840,882900992
brk,2097152,884998144,887095296
brk,2097152,889192448,891289600
brk,2097152,893386752,895483904
brk,2097152,897581056,899678208
brk,2097152,901775360,903872512
brk,2097152,905969664,908066816
brk,2097152,910163968,912261120
brk,2097152,914358272,916455424
brk,2097152,918552576,920649728
brk,2097152,922746880,924844032
brk,2097152,926941184,929038336
brk,2097152,931135488,933232640
brk,2097152,935329792,937426944
brk,2097152,939524096,941621248
brk,2097152,943718400,945815552
brk,2097152,947912704,950009856
brk,2097152,952107008,954204160
brk,2097152,956301312,958398464
brk,2097152,960495616,962592768
brk,2097152,964689920,966787072
brk,2097152,968884224,970981376
brk,2097152,973078528,975175680
brk,2097152,977272832,979369984
brk,2097152,981467136,983564288
brk,2097152,985661440,987758592
brk,2097152,989855744,991952896
brk,2097152,994050048,996147200
brk,2097152,998244352,1000341504
brk,2097152,1002438656,1004535808
brk,2097152,1006632960,1008730112
brk,2097152,1010827264,1012924416
brk,2097152,1015021568,1017118720
brk,2097152,1019215872,1021313024
brk,2097152,1023410176,1025507328
brk,2097152,1027604480,1029701632
brk,2097152,1031798784,1033895936
brk,2097152,1035993088,1038090240
brk,2097152,1040187392,1042284544
brk,2097152,1044381696,1046478848
brk,2097152,1048576000,1050673152
brk,2097152,1052770304,1054867456
brk,2097152,1056964608,1059061760
brk,2097152,1061158912,1063256064
brk,2097152,1065353216,1067450368
brk,2097152,1069547520,1071644672
brk,2097152,1073741824,1075838976
brk,2097152,1077936128,1080033280
brk,2097152,1082130432,1084227584
brk,2097152,1086324736,1088421888
brk,2097152,1090519040,1092616192
brk,2097152,1094713344,1096810496
brk,2097152,1098907648,1101004800
brk,2097152,1103101952,1105199104
brk,2097152,1107296256,1109393408
brk,2097152,1111490560,1113587712
brk,2097152,1115684864,1117782016
brk,2097152,1119879168,1121976320
brk,2097152,1124073472,1126170624
brk,2097152,1128267776,1130364928
brk,2097152,1132462080,1134559232
brk,2097152,1136656384,1138753536
brk,2097152,1140850688,1142947840
brk,2097152,1145044992,1147142144
brk,2097152,1149239296,1151336448
brk,2097152,1153433600,1155530752
brk,2097152,1157627904,1159725056
brk,2097152,1161822208,1163919360
brk,2097152,1166016512,1168113664
brk,2097152,1170210816,1172307968
brk,2097152,1174405120,1176502272
brk,2097152,1178599424,1180696576
brk,2097152,1182793728,1184890880
brk,2097152,1186988032,1189085184
brk,2097152,1191182336,1193279488
brk,2097152,1195376640,1197473792
brk,2097152,1199570944,1201668096
brk,2097152,1203765248,1205862400
brk,2097152,1207959552,1210056704
brk,2097152,1212153856,1214251008
brk,2097152,1216348160,1218445312
brk,2097152,1220542464,1222639616
brk,2097152,1224736768,1226833920
brk,2097152,1228931072,1231028224
brk,2097152,1233125376,1235222528
brk,2097152,1237319680,1239416832
brk,2097152,1241513984,1243611136
brk,2097152,1245708288,1247805440
brk,2097152,1249902592,1251999744
brk,2097152,1254096896,1256194048
brk,2097152,1258291200,1260388352
brk,2097152,1262485504,1264582656
brk,2097152,1266679808,1268776960
brk,2097152,1270874112,1272971264
brk,2097152,1275068416,1277165568
brk,2097152,1279262720,1281359872
brk,2097152,1283457024,1285554176
brk,2097152,1287651328,1289748480
brk,2097152,1291845632,1293942784
brk,2097152,1296039936,1298137088
brk,2097152,1300234240,1302331392
brk,2097152,1304428544,1306525696
brk,2097152,1308622848,1310720000
brk,2097152,1312817152,1314914304
brk,2097152,1317011456,1319108608
brk,2097152,1321205760,1323302912
brk,2097152,1325400064,1327497216
brk,2097152,1329594368,1331691520
brk,2097152,1333788672,1335885824
brk,2097152,1337982976,1340080128
brk,2097152,1342177280,1344274432
brk,2097152,1346371584,1348468736
brk,2097152,1350565888,1352663040
brk,2097152,1354760192,1356857344
brk,2097152,1358954496,1361051648
brk,2097152,1363148800,1365245952
brk,2097152,1367343104,1369440256
brk,2097152,1371537408,1373634560
brk,2097152,1375731712,1377828864
brk,2097152,1379926016,1382023168
brk,2097152,1384120320,1386217472
brk,2097152,1388314624,1390411776
brk,2097152,1392508928,1394606080
brk,2097152,1396703232,1398800384
brk,2097152,1400897536,1402994688
brk,2097152,1405091840,1407188992
brk,2097152,1409286144,1411383296
brk,2097152,1413480448,1415577600
brk,2097152,1417674752,1419771904
brk,2097152,1421869056,1423966208
brk,2097152,1426063360,1428160512
brk,2097152,1430257664,1432354816
brk,2097152,1434451968,1436549120
brk,2097152,1438646272,1440743424
brk,2097152,1442840576,1444937728
brk,2097152,1447034880,1449132032
brk,2097152,1451229184,1453326336
brk,2097152,1455423488,1457520640
brk,2097152,1459617792,1461714944
brk,2097152,1463812096,1465909248
brk,2097152,1468006400,1470103552
brk,2097152,1472200704,1474297856
brk,2097152,1476395008,1478492160
brk,2097152,1480589312,1482686464
brk,2097152,1484783616,1486880768
brk,2097152,1488977920,1491075072
brk,2097152,1493172224,1495269376
brk,2097152,1497366528,1499463680
brk,2097152,1501560832,1503657984
brk,2097152,1505755136,1507852288
brk,2097152,1509949440,1512046592
brk,2097152,1514143744,1516240896
brk,2097152,1518338048,1520435200
brk,2097152,1522532352,1524629504
brk,2097152,1526726656,1528823808
brk,2097152,1530920960,1533018112
brk,2097152,1535115264,1537212416
brk,2097152,1539309568,1541406720
brk,2097152,1543503872,1545601024
brk,2097152,1547698176,1549795328
brk,2097152,1551892480,1553989632
brk,2097152,1556086784,1558183936
brk,2097152,1560281088,1562378240
brk,2097152,1564475392,1566572544
brk,2097152,1568669696,1570766848
brk,2097152,1572864000,1574961152
brk,2097152,1577058304,1579155456
brk,2097152,1581252608,1583349760
brk,2097152,1585446912,1587544064
brk,2097152,1589641216,1591738368
brk,2097152,1593835520,1595932672
brk,2097152,1598029824,1600126976
brk,2097152,1602224128,1604321280
brk,2097152,1606418432,1608515584
brk,2097152,1610612736,1612709888
brk,2097152,1614807040,1616904192
brk,2097152,1619001344,1621098496
brk,2097152,1623195648,1625292800
brk,2097152,1627389952,1629487104
brk,2097152,1631584256,1633681408
brk,2097152,1635778560,1637875712
brk,2097152,1639972864,1642070016
brk,2097152,1644167168,1646264320
brk,2097152,1648361472,1650458624
brk,2097152,1652555776,1654652928
brk,2097152,1656750080,1658847232
brk,2097152,1660944384,1663041536
brk,2097152,1665138688,1667235840
brk,2097152,1669332992,1671430144
brk,2097152,1673527296,1675624448
brk,2097152,1677721600,1679818752
brk,2097152,1681915904,1684013056
brk,2097152,1686110208,1688207360
brk,2097152,1690304512,1692401664
brk,2097152,1694498816,1696595968
brk,2097152,1698693120,1700790272
brk,2097152,1702887424,1704984576
brk,2097152,1707081728,1709178880
brk,2097152,1711276032,1713373184
brk,2097152,1715470336,1717567488
brk,2097152,1719664640,1721761792
brk,2097152,1723858944,1725956096
brk,2097152,1728053248,1730150400
brk,2097152,1732247552,1734344704
brk,2097152,1736441856,1738539008
brk,2097152,1740636160,1742733312
brk,2097152,1744830464,1746927616
brk,2097152,1749024768,1751121920
brk,2097152,1753219072,1755316224
brk,2097152,1757413376,1759510528
brk,2097152,1761607680,1763704832
brk,2097152,1765801984,1767899136
brk,2097152,1769996288,1772093440
brk,2097152,1774190592,1776287744
brk,2097152,1778384896,1780482048
brk,2097152,1782579200,1784676352
brk,2097152,1786773504,1788870656
brk,2097152,1790967808,1793064960
brk,2097152,1795162112,1797259264
brk,2097152,1799356416,1801453568
brk,2097152,1803550720,1805647872
brk,2097152,1807745024,1809842176
brk,2097152,1811939328,1814036480
brk,2097152,1816133632,1818230784
brk,2097152,1820327936,1822425088
brk,2097152,1824522240,1826619392
brk,2097152,1828716544,1830813696
brk,2097152,1832910848,1835008000
brk,2097152,1837105152,1839202304
brk,2097152,1841299456,1843396608
brk,2097152,1845493760,1847590912
brk,2097152,1849688064,1851785216
brk,2097152,1853882368,1855979520
brk,2097152,1858076672,1860173824
brk,2097152,1862270976,1864368128
brk,2097152,1866465280,1868562432
brk,2097152,1870659584,1872756736
brk,2097152,1874853888,1876951040
brk,2097152,1879048192,1881145344
brk,2097152,1883242496,1885339648
brk,2097152,1887436800,1889533952
brk,2097152,1891631104,1893728256
brk,2097152,1895825408,1897922560
brk,2097152,1900019712,1902116864
brk,2097152,1904214016,1906311168
brk,2097152,1908408320,1910505472
brk,2097152,1912602624,1914699776
brk,2097152,1916796928,1918894080
brk,2097152,1920991232,1923088384
brk,2097152,1925185536,1927282688
brk,2097152,1929379840,1931476992
brk,2097152,1933574144,1935671296
brk,2097152,1937768448,1939865600
brk,2097152,1941962752,1944059904
brk,2097152,1946157056,1948254208
brk,2097152,1950351360,1952448512
brk,2097152,1954545664,1956642816
brk,2097152,1958739968,1960837120
brk,2097152,1962934272,1965031424
brk,2097152,1967128576,1969225728
brk,2097152,1971322880,1973420032
brk,2097152,1975517184,1977614336
brk,2097152,1979711488,1981808640
brk,2097152,1983905792,1986002944
brk,2097152,1988100096,1990197248
brk,2097152,1992294400,1994391552
brk,2097152,1996488704,1998585856
brk,2097152,2000683008,2002780160
brk,2097152,2004877312,2006974464
brk,2097152,2009071616,2011168768
brk,2097152,2013265920,2015363072
brk,2097152,2017460224,2019557376
brk,2097152,2021654528,2023751680
brk,2097152,2025848832,2027945984
brk,2097152,2030043136,2032140288
brk,2097152,2034237440,2036334592
brk,2097152,2038431744,2040528896
brk,2097152,2042626048,2044723200
brk,2097152,2046820352,2048917504
brk,2097152,2051014656,2053111808
brk,2097152,2055208960,2057306112
brk,2097152,2059403264,2061500416
brk,2097152,2063597568,2065694720
brk,2097152,2067791872,2069889024
brk,2097152,2071986176,2074083328
brk,2097152,2076180480,2078277632
brk,2097152,2080374784,2082471936
brk,2097152,2084569088,2086666240
brk,2097152,2088763392,2090860544
brk,2097152,2092957696,2095054848
brk,2097152,2097152000,2099249152
brk,2097152,2101346304,2103443456
brk,2097152,2105540608,2107637760
brk,2097152,2109734912,2111832064
brk,2097152,2113929216,2116026368
brk,2097152,2118123520,2120220672
brk,2097152,2122317824,2124414976
brk,2097152,2126512128,2128609280
brk,2097152,2130706432,2132803584
brk,2097152,2134900736,2136997888
brk,2097152,2139095040,2141192192
brk,2097152,2143289344,2145386496
brk,2097152,2147483648,2149580800
brk,2097152,2151677952,2153775104
brk,2097152,2155872256,2157969408
brk,2097152,2160066560,2162163712
brk,2097152,2164260864,2166358016
brk,2097152,2168455168,2170552320
brk,2097152,2172649472,2174746624
brk,2097152,2176843776,2178940928
brk,2097152,2181038080,2183135232
brk,2097152,2185232384,2187329536
brk,2097152,2189426688,2191523840
brk,2097152,2193620992,2195718144
brk,2097152,2197815296,2199912448
brk,2097152,2202009600,2204106752
brk,2097152,2206203904,2208301056
brk,2097152,2210398208,2212495360
brk,2097152,2214592512,2216689664
brk,2097152,2218786816,2220883968
brk,2097152,2222981120,2225078272
brk,2097152,2227175424,2229272576
brk,2097152,2231369728,2233466880
brk,2097152,2235564032,2237661184
brk,2097152,2239758336,2241855488
brk,2097152,2243952640,2246049792
brk,2097152,2248146944,2250244096
brk,2097152,2252341248,2254438400
brk,2097152,2256535552,2258632704
brk,2097152,2260729856,2262827008
brk,2097152,2264924160,2267021312
brk,2097152,2269118464,2271215616
brk,2097152,2273312768,2275409920
brk,2097152,2277507072,2279604224
brk,2097152,2281701376,2283798528
brk,2097152,2285895680,2287992832
brk,2097152,2290089984,2292187136
brk,2097152,2294284288,2296381440
brk,2097152,2298478592,2300575744
brk,2097152,2302672896,2304770048
brk,2097152,2306867200,2308964352
brk,2097152,2311061504,2313158656
brk,2097152,2315255808,2317352960
brk,2097152,2319450112,2321547264
brk,2097152,2323644416,2325741568
brk,2097152,2327838720,2329935872
brk,2097152,2332033024,2334130176
brk,2097152,2336227328,2338324480
brk,2097152,2340421632,2342518784
brk,2097152,2344615936,2346713088
brk,2097152,2348810240,2350907392
brk,2097152,2353004544,2355101696
brk,2097152,2357198848,2359296000
brk,2097152,2361393152,2363490304
brk,2097152,2365587456,2367684608
brk,2097152,2369781760,2371878912
brk,2097152,2373976064,2376073216
brk,2097152,2378170368,2380267520
brk,2097152,2382364672,2384461824
brk,2097152,2386558976,2388656128
brk,2097152,2390753280,2392850432
brk,2097152,2394947584,2397044736
brk,2097152,2399141888,2401239040
brk,2097152,2403336192,2405433344
brk,2097152,2407530496,2409627648
brk,2097152,2411724800,2413821952
brk,2097152,2415919104,2418016256
brk,2097152,2420113408,2422210560
brk,2097152,2424307712,2426404864
brk,2097152,2428502016,2430599168
brk,2097152,2432696320,2434793472
brk,2097152,2436890624,2438987776
brk,2097152,2441084928,2443182080
brk,2097152,2445279232,2447376384
brk,2097152,2449473536,2451570688
brk,2097152,2453667840,2455764992
brk,2097152,2457862144,2459959296
brk,2097152,2462056448,2464153600
brk,2097152,2466250752,2468347904
brk,2097152,2470445056,2472542208
brk,2097152,2474639360,2476736512
brk,2097152,2478833664,2480930816
brk,2097152,2483027968,2485125120
brk,2097152,2487222272,2489319424
brk,2097152,2491416576,2493513728
brk,2097152,2495610880,2497708032
brk,2097152,2499805184,2501902336
brk,2097152,2503999488,2506096640
brk,2097152,2508193792,2510290944
brk,2097152,2512388096,2514485248
brk,2097152,2516582400,2518679552
brk,2097152,2520776704,2522873856
brk,2097152,2524971008,2527068160
brk,2097152,2529165312,2531262464
brk,2097152,2533359616,2535456768
brk,2097152,2537553920,2539651072
brk,2097152,2541748224,2543845376
brk,2097152,2545942528,2548039680
brk,2097152,2550136832,2552233984
brk,2097152,2554331136,2556428288
brk,2097152,2558525440,2560622592
brk,2097152,2562719744,2564816896
brk,2097152,2566914048,2569011200
brk,2097152,2571108352,2573205504
brk,2097152,2575302656,2577399808
brk,2097152,2579496960,2581594112
brk,2097152,2583691264,2585788416
brk,2097152,2587885568,2589982720
brk,2097152,2592079872,2594177024
brk,2097152,2596274176,2598371328
brk,2097152,2600468480,2602565632
brk,2097152,2604662784,2606759936
brk,2097152,2608857088,2610954240
brk,2097152,2613051392,2615148544
brk,2097152,2617245696,2619342848
brk,2097152,2621440000,2623537152
brk,2097152,2625634304,2627731456
brk,2097152,2629828608,2631925760
brk,2097152,2634022912,2636120064
brk,2097152,2638217216,2640314368
brk,2097152,2642411520,2644508672
brk,2097152,2646605824,2648702976
brk,2097152,2650800128,2652897280
brk,2097152,2654994432,2657091584
brk,2097152,2659188736,2661285888
brk,2097152,2663383040,2665480192
brk,2097152,2667577344,2669674496
brk,2097152,2671771648,2673868800
brk,2097152,2675965952,2678063104
brk,2097152,2680160256,2682257408
brk,2097152,2684354560,2686451712
brk,2097152,2688548864,2690646016
brk,2097152,2692743168,2694840320
brk,2097152,2696937472,2699034624
brk,2097152,2701131776,2703228928
brk,2097152,2705326080,2707423232
brk,2097152,2709520384,2711617536
brk,2097152,2713714688,2715811840
brk,2097152,2717908992,2720006144
brk,2097152,2722103296,2724200448
brk,2097152,2726297600,2728394752
brk,2097152,2730491904,2732589056
brk,2097152,2734686208,2736783360
brk,2097152,2738880512,2740977664
brk,2097152,2743074816,2745171968
brk,2097152,2747269120,2749366272
brk,2097152,2751463424,2753560576
brk,2097152,2755657728,2757754880
brk,2097152,2759852032,2761949184
brk,2097152,2764046336,2766143488
brk,2097152,2768240640,2770337792
brk,2097152,2772434944,2774532096
brk,2097152,2776629248,2778726400
brk,2097152,2780823552,2782920704
brk,2097152,2785017856,2787115008
brk,2097152,2789212160,2791309312
brk,2097152,2793406464,2795503616
brk,2097152,2797600768,2799697920
brk,2097152,2801795072,2803892224
brk,2097152,2805989376,2808086528
brk,2097152,2810183680,2812280832
brk,2097152,2814377984,2816475136
brk,2097152,2818572288,2820669440
brk,2097152,2822766592,2824863744
brk,2097152,2826960896,2829058048
brk,2097152,2831155200,2833252352
brk,2097152,2835349504,2837446656
brk,2097152,2839543808,2841640960
brk,2097152,2843738112,2845835264
brk,2097152,2847932416,2850029568
brk,2097152,2852126720,2854223872
brk,2097152,2856321024,2858418176
brk,2097152,2860515328,2862612480
brk,2097152,2864709632,2866806784
brk,2097152,2868903936,2871001088
brk,2097152,2873098240,2875195392
brk,2097152,2877292544,2879389696
brk,2097152,2881486848,2883584000
brk,2097152,2885681152,2887778304
brk,2097152,2889875456,2891972608
brk,2097152,2894069760,2896166912
brk,2097152,2898264064,2900361216
brk,2097152,2902458368,2904555520
brk,2097152,2906652672,2908749824
brk,2097152,2910846976,2912944128
brk,2097152,2915041280,2917138432
brk,2097152,2919235584,2921332736
brk,2097152,2923429888,2925527040
brk,2097152,2927624192,2929721344
brk,2097152,2931818496,2933915648
brk,2097152,2936012800,2938109952
brk,2097152,2940207104,2942304256
brk,2097152,2944401408,2946498560
brk,2097152,2948595712,2950692864
brk,2097152,2952790016,2954887168
brk,2097152,2956984320,2959081472
brk,2097152,2961178624,2963275776
brk,2097152,2965372928,2967470080
brk,2097152,2969567232,2971664384
brk,2097152,2973761536,2975858688
brk,2097152,2977955840,2980052992
brk,2097152,2982150144,2984247296
brk,2097152,2986344448,2988441600
brk,2097152,2990538752,2992635904
brk,2097152,2994733056,2996830208
brk,2097152,2998927360,3001024512
brk,2097152,3003121664,3005218816
brk,2097152,3007315968,3009413120
brk,2097152,3011510272,3013607424
brk,2097152,3015704576,3017801728
brk,2097152,3019898880,3021996032
brk,2097152,3024093184,3026190336
brk,2097152,3028287488,3030384640
brk,2097152,3032481792,3034578944
brk,2097152,3036676096,3038773248
brk,2097152,3040870400,3042967552
brk,2097152,3045064704,3047161856
brk,2097152,3049259008,3051356160
brk,2097152,3053453312,3055550464
brk,2097152,3057647616,3059744768
brk,2097152,3061841920,3063939072
brk,2097152,3066036224,3068133376
brk,2097152,3070230528,3072327680
brk,2097152,3074424832,3076521984
brk,2097152,3078619136,3080716288
brk,2097152,3082813440,3084910592
brk,2097152,3087007744,3089104896
brk,2097152,3091202048,3093299200
brk,2097152,3095396352,3097493504
brk,2097152,3099590656,3101687808
brk,2097152,3103784960,3105882112
brk,2097152,3107979264,3110076416
brk,2097152,3112173568,3114270720
brk,2097152,3116367872,3118465024
brk,2097152,3120562176,3122659328
brk,2097152,3124756480,3126853632
brk,2097152,3128950784,3131047936
brk,2097152,3133145088,3135242240
brk,2097152,3137339392,3139436544
brk,2097152,3141533696,3143630848
brk,2097152,3145728000,3147825152
brk,2097152,3149922304,3152019456
brk,2097152,3154116608,3156213760
brk,2097152,3158310912,3160408064
brk,2097152,3162505216,3164602368
brk,2097152,3166699520,3168796672
brk,2097152,3170893824,3172990976
brk,2097152,3175088128,3177185280
brk,2097152,3179282432,3181379584
brk,2097152,3183476736,3185573888
brk,2097152,3187671040,3189768192
brk,2097152,3191865344,3193962496
brk,2097152,3196059648,3198156800
brk,2097152,3200253952,3202351104
brk,2097152,3204448256,3206545408
brk,2097152,3208642560,3210739712
brk,2097152,3212836864,3214934016
brk,2097152,3217031168,3219128320
brk,2097152,3221225472,3223322624
brk,2097152,3225419776,3227516928
brk,2097152,3229614080,3231711232
brk,2097152,3233808384,3235905536
brk,2097152,3238002688,3240099840
brk,2097152,3242196992,3244294144
brk,2097152,3246391296,3248488448
brk,2097152,3250585600,3252682752
brk,2097152,3254779904,3256877056
brk,2097152,3258974208,3261071360
brk,2097152,3263168512,3265265664
brk,2097152,3267362816,3269459968
brk,2097152,3271557120,3273654272
brk,2097152,3275751424,3277848576
brk,2097152,3279945728,3282042880
brk,2097152,3284140032,3286237184
brk,2097152,3288334336,3290431488
brk,2097152,3292528640,3294625792
brk,2097152,3296722944,3298820096
brk,2097152,3300917248,3303014400
brk,2097152,3305111552,3307208704
brk,2097152,3309305856,3311403008
brk,2097152,3313500160,3315597312
brk,2097152,3317694464,3319791616
brk,2097152,3321888768,3323985920
brk,2097152,3326083072,3328180224
brk,2097152,3330277376,3332374528
brk,2097152,3334471680,3336568832
brk,2097152,3338665984,3340763136
brk,2097152,3342860288,3344957440
brk,2097152,3347054592,3349151744
brk,2097152,3351248896,3353346048
brk,2097152,3355443200,3357540352
brk,2097152,3359637504,3361734656
brk,2097152,3363831808,3365928960
brk,2097152,3368026112,3370123264
brk,2097152,3372220416,3374317568
brk,2097152,3376414720,3378511872
brk,2097152,3380609024,3382706176
brk,2097152,3384803328,3386900480
brk,2097152,3388997632,3391094784
brk,2097152,3393191936,3395289088
brk,2097152,3397386240,3399483392
brk,2097152,3401580544,3403677696
brk,2097152,3405774848,3407872000
brk,2097152,3409969152,3412066304
brk,2097152,3414163456,3416260608
brk,2097152,3418357760,3420454912
brk,2097152,3422552064,3424649216
brk,2097152,3426746368,3428843520
brk,2097152,3430940672,3433037824
brk,2097152,3435134976,3437232128
brk,2097152,3439329280,3441426432
brk,2097152,3443523584,3445620736
brk,2097152,3447717888,3449815040
brk,2097152,3451912192,3454009344
brk,2097152,3456106496,3458203648
brk,2097152,3460300800,3462397952
brk,2097152,3464495104,3466592256
brk,2097152,3468689408,3470786560
brk,2097152,3472883712,3474980864
brk,2097152,3477078016,3479175168
brk,2097152,3481272320,3483369472
brk,2097152,3485466624,3487563776
brk,2097152,3489660928,3491758080
brk,2097152,3493855232,3495952384
brk,2097152,3498049536,3500146688
brk,2097152,3502243840,3504340992
brk,2097152,3506438144,3508535296
brk,2097152,3510632448,3512729600
brk,2097152,3514826752,3516923904
brk,2097152,3519021056,3521118208
brk,2097152,3523215360,3525312512
brk,2097152,3527409664,3529506816
brk,2097152,3531603968,3533701120
brk,2097152,3535798272,3537895424
brk,2097152,3539992576,3542089728
brk,2097152,3544186880,3546284032
brk,2097152,3548381184,3550478336
brk,2097152,3552575488,3554672640
brk,2097152,3556769792,3558866944
brk,2097152,3560964096,3563061248
brk,2097152,3565158400,3567255552
brk,2097152,3569352704,3571449856
brk,2097152,3573547008,3575644160
brk,2097152,3577741312,3579838464
brk,2097152,3581935616,3584032768
brk,2097152,3586129920,3588227072
brk,2097152,3590324224,3592421376
brk,2097152,3594518528,3596615680
brk,2097152,3598712832,3600809984
brk,2097152,3602907136,3605004288
brk,2097152,3607101440,3609198592
brk,2097152,3611295744,3613392896
brk,2097152,3615490048,3617587200
brk,2097152,3619684352,3621781504
brk,2097152,3623878656,3625975808
brk,2097152,3628072960,3630170112
brk,2097152,3632267264,3634364416
brk,2097152,3636461568,3638558720
brk,2097152,3640655872,3642753024
brk,2097152,3644850176,3646947328
brk,2097152,3649044480,3651141632
brk,2097152,3653238784,3655335936
brk,2097152,3657433088,3659530240
brk,2097152,3661627392,3663724544
brk,2097152,3665821696,3667918848
brk,2097152,3670016000,3672113152
brk,2097152,3674210304,3676307456
brk,2097152,3678404608,3680501760
brk,2097152,3682598912,3684696064
brk,2097152,3686793216,3688890368
brk,2097152,3690987520,3693084672
brk,2097152,3695181824,3697278976
brk,2097152,3699376128,3701473280
brk,2097152,3703570432,3705667584
brk,2097152,3707764736,3709861888
brk,2097152,3711959040,3714056192
brk,2097152,3716153344,3718250496
brk,2097152,3720347648,3722444800
brk,2097152,3724541952,3726639104
brk,2097152,3728736256,3730833408
brk,2097152,3732930560,3735027712
brk,2097152,3737124864,3739222016
brk,2097152,3741319168,3743416320
brk,2097152,3745513472,3747610624
brk,2097152,3749707776,3751804928
brk,2097152,3753902080,3755999232
brk,2097152,3758096384,3760193536
brk,2097152,3762290688,3764387840
brk,2097152,3766484992,3768582144
brk,2097152,3770679296,3772776448
brk,2097152,3774873600,3776970752
brk,2097152,3779067904,3781165056
brk,2097152,3783262208,3785359360
brk,2097152,3787456512,3789553664
brk,2097152,3791650816,3793747968
brk,2097152,3795845120,3797942272
brk,2097152,3800039424,3802136576
brk,2097152,3804233728,3806330880
brk,2097152,3808428032,3810525184
brk,2097152,3812622336,3814719488
brk,2097152,3816816640,3818913792
brk,2097152,3821010944,3823108096
brk,2097152,3825205248,3827302400
brk,2097152,3829399552,3831496704
brk,2097152,3833593856,3835691008
brk,2097152,3837788160,3839885312
brk,2097152,3841982464,3844079616
brk,2097152,3846176768,3848273920
brk,2097152,3850371072,3852468224
brk,2097152,3854565376,3856662528
brk,2097152,3858759680,3860856832
brk,2097152,3862953984,3865051136
brk,2097152,3867148288,3869245440
brk,2097152,3871342592,3873439744
brk,2097152,3875536896,3877634048
brk,2097152,3879731200,3881828352
brk,2097152,3883925504,3886022656
brk,2097152,3888119808,3890216960
brk,2097152,3892314112,3894411264
brk,2097152,3896508416,3898605568
brk,2097152,3900702720,3902799872
brk,2097152,3904897024,3906994176
brk,2097152,3909091328,3911188480
brk,2097152,3913285632,3915382784
brk,2097152,3917479936,3919577088
brk,2097152,3921674240,3923771392
brk,2097152,3925868544,3927965696
brk,2097152,3930062848,3932160000
brk,2097152,3934257152,3936354304
brk,2097152,3938451456,3940548608
brk,2097152,3942645760,3944742912
brk,2097152,3946840064,3948937216
brk,2097152,3951034368,3953131520
brk,2097152,3955228672,3957325824
brk,2097152,3959422976,3961520128
brk,2097152,3963617280,3965714432
brk,2097152,3967811584,3969908736
brk,2097152,3972005888,3974103040
brk,2097152,3976200192,3978297344
brk,2097152,3980394496,3982491648
brk,2097152,3984588800,3986685952
brk,2097152,3988783104,3990880256
brk,2097152,3992977408,3995074560
brk,2097152,3997171712,3999268864
brk,2097152,4001366016,4003463168
brk,2097152,4005560320,4007657472
brk,2097152,4009754624,4011851776
brk,2097152,4013948928,4016046080
brk,2097152,4018143232,4020240384
brk,2097152,4022337536,4024434688
brk,2097152,4026531840,4028628992
brk,2097152,4030726144,4032823296
brk,2097152,4034920448,4037017600
brk,2097152,4039114752,4041211904
brk,2097152,4043309056,4045406208
brk,2097152,4047503360,4049600512
brk,2097152,4051697664,4053794816
brk,2097152,4055891968,4057989120
brk,2097152,4060086272,4062183424
brk,2097152,4064280576,4066377728
brk,2097152,4068474880,4070572032
brk,2097152,4072669184,4074766336
brk,2097152,4076863488,4078960640
brk,2097152,4081057792,4083154944
brk,2097152,4085252096,4087349248
brk,2097152,4089446400,4091543552
brk,2097152,4093640704,4095737856
brk,2097152,4097835008,4099932160
brk,2097152,4102029312,4104126464
brk,2097152,4106223616,4108320768
brk,2097152,4110417920,4112515072
brk,2097152,4114612224,4116709376
brk,2097152,4118806528,4120903680
brk,2097152,4123000832,4125097984
brk,2097152,4127195136,4129292288
brk,2097152,4131389440,4133486592
brk,2097152,4135583744,4137680896
brk,2097152,4139778048,4141875200
brk,2097152,4143972352,4146069504
brk,2097152,4148166656,4150263808
brk,2097152,4152360960,4154458112
brk,2097152,4156555264,4158652416
brk,2097152,4160749568,4162846720
brk,2097152,4164943872,4167041024
brk,2097152,4169138176,4171235328
brk,2097152,4173332480,4175429632
brk,2097152,4177526784,4179623936
brk,2097152,4181721088,4183818240
brk,2097152,4185915392,4188012544
brk,2097152,4190109696,4192206848
brk,2097152,4194304000,4196401152
brk,2097152,4198498304,4200595456
brk,2097152,4202692608,4204789760
brk,2097152,4206886912,4208984064
brk,2097152,4211081216,4213178368
brk,2097152,4215275520,4217372672
brk,2097152,4219469824,4221566976
brk,2097152,4223664128,4225761280
brk,2097152,4227858432,4229955584
brk,2097152,4232052736,4234149888
brk,2097152,4236247040,4238344192
brk,2097152,4240441344,4242538496
brk,2097152,4244635648,4246732800
brk,2097152,4248829952,4250927104
brk,2097152,4253024256,4255121408
brk,2097152,4257218560,4259315712
brk,2097152,4261412864,4263510016
brk,2097152,4265607168,4267704320
brk,2097152,4269801472,4271898624
brk,2097152,4273995776,4276092928
brk,2097152,4278190080,4280287232
brk,2097152,4282384384,4284481536
brk,2097152,4286578688,4288675840
brk,2097152,4290772992,4292870144
brk,2097152,4294967296,4297064448
brk,2097152,4299161600,4301258752
brk,2097152,4303355904,4305453056
brk,2097152,4307550208,4309647360
brk,2097152,4311744512,4313841664
brk,2097152,4315938816,4318035968
brk,2097152,4320133120,4322230272
brk,2097152,4324327424,4326424576
brk,2097152,4328521728,4330618880
brk,2097152,4332716032,4334813184
brk,2097152,4336910336,4339007488
brk,2097152,4341104640,4343201792
brk,2097152,4345298944,4347396096
brk,2097152,4349493248,4351590400
brk,2097152,4353687552,4355784704
brk,2097152,4357881856,4359979008
brk,2097152,4362076160,4364173312
brk,2097152,4366270464,4368367616
brk,2097152,4370464768,4372561920
brk,2097152,4374659072,4376756224
brk,2097152,4378853376,4380950528
brk,2097152,4383047680,4385144832
brk,2097152,4387241984,4389339136
brk,2097152,4391436288,4393533440
brk,2097152,4395630592,4397727744
brk,2097152,4399824896,4401922048
brk,2097152,4404019200,4406116352
brk,2097152,4408213504,4410310656
brk,2097152,4412407808,4414504960
brk,2097152,4416602112,4418699264
brk,2097152,4420796416,4422893568
brk,2097152,4424990720,4427087872
brk,2097152,4429185024,4431282176
brk,2097152,4433379328,4435476480
brk,2097152,4437573632,4439670784
brk,2097152,4441767936,4443865088
brk,2097152,4445962240,4448059392
brk,2097152,4450156544,4452253696
brk,2097152,4454350848,4456448000
brk,2097152,4458545152,4460642304
brk,2097152,4462739456,4464836608
brk,2097152,4466933760,4469030912
brk,2097152,4471128064,4473225216
brk,2097152,4475322368,4477419520
brk,2097152,4479516672,4481613824
brk,2097152,4483710976,4485808128
brk,2097152,4487905280,4490002432
brk,2097152,4492099584,4494196736
brk,2097152,4496293888,4498391040
brk,2097152,4500488192,4502585344
brk,2097152,4504682496,4506779648
brk,2097152,4508876800,4510973952
brk,2097152,4513071104,4515168256
brk,2097152,4517265408,4519362560
brk,2097152,4521459712,4523556864
brk,2097152,4525654016,4527751168
brk,2097152,4529848320,4531945472
brk,2097152,4534042624,4536139776
brk,2097152,4538236928,4540334080
brk,2097152,4542431232,4544528384
brk,2097152,4546625536,4548722688
brk,2097152,4550819840,4552916992
brk,2097152,4555014144,4557111296
brk,2097152,4559208448,4561305600
brk,2097152,4563402752,4565499904
brk,2097152,4567597056,4569694208
brk,2097152,4571791360,4573888512
brk,2097152,4575985664,4578082816
brk,2097152,4580179968,4582277120
brk,2097152,4584374272,4586471424
brk,2097152,4588568576,4590665728
brk,2097152,4592762880,4594860032
brk,2097152,4596957184,4599054336
brk,2097152,4601151488,4603248640
brk,2097152,4605345792,4607442944
brk,2097152,4609540096,4611637248
brk,2097152,4613734400,4615831552
brk,2097152,4617928704,4620025856
brk,2097152,4622123008,4624220160
brk,2097152,4626317312,4628414464
brk,2097152,4630511616,4632608768
brk,2097152,4634705920,4636803072
brk,2097152,4638900224,4640997376
brk,2097152,4643094528,4645191680
brk,2097152,4647288832,4649385984
brk,2097152,4651483136,4653580288
brk,2097152,4655677440,4657774592
brk,2097152,4659871744,4661968896
brk,2097152,4664066048,4666163200
brk,2097152,4668260352,4670357504
brk,2097152,4672454656,4674551808
brk,2097152,4676648960,4678746112
brk,2097152,4680843264,4682940416
brk,2097152,4685037568,4687134720
brk,2097152,4689231872,4691329024
brk,2097152,4693426176,4695523328
brk,2097152,4697620480,4699717632
brk,2097152,4701814784,4703911936
brk,2097152,4706009088,4708106240
brk,2097152,4710203392,4712300544
brk,2097152,4714397696,4716494848
brk,2097152,4718592000,4720689152
brk,2097152,4722786304,4724883456
brk,2097152,4726980608,4729077760
brk,2097152,4731174912,4733272064
brk,2097152,4735369216,4737466368
brk,2097152,4739563520,4741660672
brk,2097152,4743757824,4745854976
brk,2097152,4747952128,4750049280
brk,2097152,4752146432,4754243584
brk,2097152,4756340736,4758437888
brk,2097152,4760535040,4762632192
brk,2097152,4764729344,4766826496
brk,2097152,4768923648,4771020800
brk,2097152,4773117952,4775215104
brk,2097152,4777312256,4779409408
brk,2097152,4781506560,4783603712
brk,2097152,4785700864,4787798016
brk,2097152,4789895168,4791992320
brk,2097152,4794089472,4796186624
brk,2097152,4798283776,4800380928
brk,2097152,4802478080,4804575232
brk,2097152,4806672384,4808769536
brk,2097152,4810866688,4812963840
brk,2097152,4815060992,4817158144
brk,2097152,4819255296,4821352448
brk,2097152,4823449600,4825546752
brk,2097152,4827643904,4829741056
brk,2097152,4831838208,4833935360
brk,2097152,4836032512,4838129664
brk,2097152,4840226816,4842323968
brk,2097152,4844421120,4846518272
brk,2097152,4848615424,4850712576
brk,2097152,4852809728,4854906880
brk,2097152,4857004032,4859101184
brk,2097152,4861198336,4863295488
brk,2097152,4865392640,4867489792
brk,2097152,4869586944,4871684096
brk,2097152,4873781248,4875878400
brk,2097152,4877975552,4880072704
brk,2097152,4882169856,4884267008
brk,2097152,4886364160,4888461312
brk,2097152,4890558464,4892655616
brk,2097152,4894752768,4896849920
brk,2097152,4898947072,4901044224
brk,2097152,4903141376,4905238528
brk,2097152,4907335680,4909432832
brk,2097152,4911529984,4913627136
brk,2097152,4915724288,4917821440
brk,2097152,4919918592,4922015744
brk,2097152,4924112896,4926210048
brk,2097152,4928307200,4930404352
brk,2097152,4932501504,4934598656
brk,2097152,4936695808,4938792960
brk,2097152,4940890112,4942987264
brk,2097152,4945084416,4947181568
brk,2097152,4949278720,4951375872
brk,2097152,4953473024,4955570176
brk,2097152,4957667328,4959764480
brk,2097152,4961861632,4963958784
brk,2097152,4966055936,4968153088
brk,2097152,4970250240,4972347392
brk,2097152,4974444544,4976541696
brk,2097152,4978638848,4980736000
brk,2097152,4982833152,4984930304
brk,2097152,4987027456,4989124608
brk,2097152,4991221760,4993318912
brk,2097152,4995416064,4997513216
brk,2097152,4999610368,5001707520
brk,2097152,5003804672,5005901824
brk,2097152,5007998976,5010096128
brk,2097152,5012193280,5014290432
brk,2097152,5016387584,5018484736
brk,2097152,5020581888,5022679040
brk,2097152,5024776192,5026873344
brk,2097152,5028970496,5031067648
brk,2097152,5033164800,5035261952
brk,2097152,5037359104,5039456256
brk,2097152,5041553408,5043650560
brk,2097152,5045747712,5047844864
brk,2097152,5049942016,5052039168
brk,2097152,5054136320,5056233472
brk,2097152,5058330624,5060427776
brk,2097152,5062524928,5064622080
brk,2097152,5066719232,5068816384
brk,2097152,5070913536,5073010688
brk,2097152,5075107840,5077204992
brk,2097152,5079302144,5081399296
brk,2097152,5083496448,5085593600
brk,2097152,5087690752,5089787904
brk,2097152,5091885056,5093982208
brk,2097152,5096079360,5098176512
brk,2097152,5100273664,5102370816
brk,2097152,5104467968,5106565120
brk,2097152,5108662272,5110759424
brk,2097152,5112856576,5114953728
brk,2097152,5117050880,5119148032
brk,2097152,5121245184,5123342336
brk,2097152,5125439488,5127536640
brk,2097152,5129633792,5131730944
brk,2097152,5133828096,5135925248
brk,2097152,5138022400,5140119552
brk,2097152,5142216704,5144313856
brk,2097152,5146411008,5148508160
brk,2097152,5150605312,5152702464
brk,2097152,5154799616,5156896768
brk,2097152,5158993920,5161091072
brk,2097152,5163188224,5165285376
brk,2097152,5167382528,5169479680
brk,2097152,5171576832,5173673984
brk,2097152,5175771136,5177868288
brk,2097152,5179965440,5182062592
brk,2097152,5184159744,5186256896
brk,2097152,5188354048,5190451200
brk,2097152,5192548352,5194645504
brk,2097152,5196742656,5198839808
brk,2097152,5200936960,5203034112
brk,2097152,5205131264,5207228416
brk,2097152,5209325568,5211422720
brk,2097152,5213519872,5215617024
brk,2097152,5217714176,5219811328
brk,2097152,5221908480,5224005632
brk,2097152,5226102784,5228199936
brk,2097152,5230297088,5232394240
brk,2097152,5234491392,5236588544
brk,2097152,5238685696,5240782848
brk,2097152,5242880000,5244977152
brk,2097152,5247074304,5249171456
brk,2097152,5251268608,5253365760
brk,2097152,5255462912,5257560064
brk,2097152,5259657216,5261754368
brk,2097152,5263851520,5265948672
brk,2097152,5268045824,5270142976
brk,2097152,5272240128,5274337280
brk,2097152,5276434432,5278531584
brk,2097152,5280628736,5282725888
brk,2097152,5284823040,5286920192
brk,2097152,5289017344,5291114496
brk,2097152,5293211648,5295308800
brk,2097152,5297405952,5299503104
brk,2097152,5301600256,5303697408
brk,2097152,5305794560,5307891712
brk,2097152,5309988864,5312086016
brk,2097152,5314183168,5316280320
brk,2097152,5318377472,5320474624
brk,2097152,5322571776,5324668928
brk,2097152,5326766080,5328863232
brk,2097152,5330960384,5333057536
brk,2097152,5335154688,5337251840
brk,2097152,5339348992,5341446144
brk,2097152,5343543296,5345640448
brk,2097152,5347737600,5349834752
brk,2097152,5351931904,5354029056
brk,2097152,5356126208,5358223360
brk,2097152,5360320512,5362417664
brk,2097152,5364514816,5366611968
brk,2097152,5368709120,5370806272
brk,2097152,5372903424,5375000576
brk,2097152,5377097728,5379194880
brk,2097152,5381292032,5383389184
brk,2097152,5385486336,5387583488
brk,2097152,5389680640,5391777792
brk,2097152,5393874944,5395972096
brk,2097152,5398069248,5400166400
brk,2097152,5402263552,5404360704
brk,2097152,5406457856,5408555008
brk,2097152,5410652160,5412749312
brk,2097152,5414846464,5416943616
brk,2097152,5419040768,5421137920
brk,2097152,5423235072,5425332224
brk,2097152,5427429376,5429526528
brk,2097152,5431623680,5433720832
brk,2097152,5435817984,5437915136
brk,2097152,5440012288,5442109440
brk,2097152,5444206592,5446303744
brk,2097152,5448400896,5450498048
brk,2097152,5452595200,5454692352
brk,2097152,5456789504,5458886656
brk,2097152,5460983808,5463080960
brk,2097152,5465178112,5467275264
brk,2097152,5469372416,5471469568
brk,2097152,5473566720,5475663872
brk,2097152,5477761024,5479858176
brk,2097152,5481955328,5484052480
brk,2097152,5486149632,5488246784
brk,2097152,5490343936,5492441088
brk,2097152,5494538240,5496635392
brk,2097152,5498732544,5500829696
brk,2097152,5502926848,5505024000
brk,2097152,5507121152,5509218304
brk,2097152,5511315456,5513412608
brk,2097152,5515509760,5517606912
brk,2097152,5519704064,5521801216
brk,2097152,5523898368,5525995520
brk,2097152,5528092672,5530189824
brk,2097152,5532286976,5534384128
brk,2097152,5536481280,5538578432
brk,2097152,5540675584,5542772736
brk,2097152,5544869888,5546967040
brk,2097152,5549064192,5551161344
brk,2097152,5553258496,5555355648
brk,2097152,5557452800,5559549952
brk,2097152,5561647104,5563744256
brk,2097152,5565841408,5567938560
brk,2097152,5570035712,5572132864
brk,2097152,5574230016,5576327168
brk,2097152,5578424320,5580521472
brk,2097152,5582618624,5584715776
brk,2097152,5586812928,5588910080
brk,2097152,5591007232,5593104384
brk,2097152,5595201536,5597298688
brk,2097152,5599395840,5601492992
brk,2097152,5603590144,5605687296
brk,2097152,5607784448,5609881600
brk,2097152,5611978752,5614075904
brk,2097152,5616173056,5618270208
brk,2097152,5620367360,5622464512
brk,2097152,5624561664,5626658816
brk,2097152,5628755968,5630853120
brk,2097152,5632950272,5635047424
brk,2097152,5637144576,5639241728
brk,2097152,5641338880,5643436032
brk,2097152,5645533184,5647630336
brk,2097152,5649727488,5651824640
brk,2097152,5653921792,5656018944
brk,2097152,5658116096,5660213248
brk,2097152,5662310400,5664407552
brk,2097152,5666504704,5668601856
brk,2097152,5670699008,5672796160
brk,2097152,5674893312,5676990464
brk,2097152,5679087616,5681184768
brk,2097152,5683281920,5685379072
brk,2097152,5687476224,5689573376
brk,2097152,5691670528,5693767680
brk,2097152,5695864832,5697961984
brk,2097152,5700059136,5702156288
brk,2097152,5704253440,5706350592
brk,2097152,5708447744,5710544896
brk,2097152,5712642048,5714739200
brk,2097152,5716836352,5718933504
brk,2097152,5721030656,5723127808
brk,2097152,5725224960,5727322112
brk,2097152,5729419264,5731516416
brk,2097152,5733613568,5735710720
brk,2097152,5737807872,5739905024
brk,2097152,5742002176,5744099328
brk,2097152,5746196480,5748293632
brk,2097152,5750390784,5752487936
brk,2097152,5754585088,5756682240
brk,2097152,5758779392,5760876544
brk,2097152,5762973696,5765070848
brk,2097152,5767168000,5769265152
brk,2097152,5771362304,5773459456
brk,2097152,5775556608,5777653760
brk,2097152,5779750912,5781848064
brk,2097152,5783945216,5786042368
brk,2097152,5788139520,5790236672
brk,2097152,5792333824,5794430976
brk,2097152,5796528128,5798625280
brk,2097152,5800722432,5802819584
brk,2097152,5804916736,5807013888
brk,2097152,5809111040,5811208192
brk,2097152,5813305344,5815402496
brk,2097152,5817499648,5819596800
brk,2097152,5821693952,5823791104
brk,2097152,5825888256,5827985408
brk,2097152,5830082560,5832179712
brk,2097152,5834276864,5836374016
brk,2097152,5838471168,5840568320
brk,2097152,5842665472,5844762624
brk,2097152,5846859776,5848956928
brk,2097152,5851054080,5853151232
brk,2097152,5855248384,5857345536
brk,2097152,5859442688,5861539840
brk,2097152,5863636992,5865734144
brk,2097152,5867831296,5869928448
brk,2097152,5872025600,5874122752
brk,2097152,5876219904,5878317056
brk,2097152,5880414208,5882511360
brk,2097152,5884608512,5886705664
brk,2097152,5888802816,5890899968
brk,2097152,5892997120,5895094272
brk,2097152,5897191424,5899288576
brk,2097152,5901385728,5903482880
brk,2097152,5905580032,5907677184
brk,2097152,5909774336,5911871488
brk,2097152,5913968640,5916065792
brk,2097152,5918162944,5920260096
brk,2097152,5922357248,5924454400
brk,2097152,5926551552,5928648704
brk,2097152,5930745856,5932843008
brk,2097152,5934940160,5937037312
brk,2097152,5939134464,5941231616
brk,2097152,5943328768,5945425920
brk,2097152,5947523072,5949620224
brk,2097152,5951717376,5953814528
brk,2097152,5955911680,5958008832
brk,2097152,5960105984,5962203136
brk,2097152,5964300288,5966397440
brk,2097152,5968494592,5970591744
brk,2097152,5972688896,5974786048
brk,2097152,5976883200,5978980352
brk,2097152,5981077504,5983174656
brk,2097152,5985271808,5987368960
brk,2097152,5989466112,5991563264
brk,2097152,5993660416,5995757568
brk,2097152,5997854720,5999951872
brk,2097152,6002049024,6004146176
brk,2097152,6006243328,6008340480
brk,2097152,6010437632,6012534784
brk,2097152,6014631936,6016729088
brk,2097152,6018826240,6020923392
brk,2097152,6023020544,6025117696
brk,2097152,6027214848,6029312000
brk,2097152,6031409152,6033506304
brk,2097152,6035603456,6037700608
brk,2097152,6039797760,6041894912
brk,2097152,6043992064,6046089216
brk,2097152,6048186368,6050283520
brk,2097152,6052380672,6054477824
brk,2097152,6056574976,6058672128
brk,2097152,6060769280,6062866432
brk,2097152,6064963584,6067060736
brk,2097152,6069157888,6071255040
brk,2097152,6073352192,6075449344
brk,2097152,6077546496,6079643648
brk,2097152,6081740800,6083837952
brk,2097152,6085935104,6088032256
brk,2097152,6090129408,6092226560
brk,2097152,6094323712,6096420864
brk,2097152,6098518016,6100615168
brk,2097152,6102712320,6104809472
brk,2097152,6106906624,6109003776
brk,2097152,6111100928,6113198080
brk,2097152,6115295232,6117392384
brk,2097152,6119489536,6121586688
brk,2097152,6123683840,6125780992
brk,2097152,6127878144,6129975296
brk,2097152,6132072448,6134169600
brk,2097152,6136266752,6138363904
brk,2097152,6140461056,6142558208
brk,2097152,6144655360,6146752512
brk,2097152,6148849664,6150946816
brk,2097152,6153043968,6155141120
brk,2097152,6157238272,6159335424
brk,2097152,6161432576,6163529728
brk,2097152,6165626880,6167724032
brk,2097152,6169821184,6171918336
brk,2097152,6174015488,6176112640
brk,2097152,6178209792,6180306944
brk,2097152,6182404096,6184501248
brk,2097152,6186598400,6188695552
brk,2097152,6190792704,6192889856
brk,2097152,6194987008,6197084160
brk,2097152,6199181312,6201278464
brk,2097152,6203375616,6205472768
brk,2097152,6207569920,6209667072
brk,2097152,6211764224,6213861376
brk,2097152,6215958528,6218055680
brk,2097152,6220152832,6222249984
brk,2097152,6224347136,6226444288
brk,2097152,6228541440,6230638592
brk,2097152,6232735744,6234832896
brk,2097152,6236930048,6239027200
brk,2097152,6241124352,6243221504
brk,2097152,6245318656,6247415808
brk,2097152,6249512960,6251610112
brk,2097152,6253707264,6255804416
brk,2097152,6257901568,6259998720
brk,2097152,6262095872,6264193024
brk,2097152,6266290176,6268387328
brk,2097152,6270484480,6272581632
brk,2097152,6274678784,6276775936
brk,2097152,6278873088,6280970240
brk,2097152,6283067392,6285164544
brk,2097152,6287261696,6289358848
brk,2097152,6291456000,6293553152
brk,2097152,6295650304,6297747456
brk,2097152,6299844608,6301941760
brk,2097152,6304038912,6306136064
brk,2097152,6308233216,6310330368
brk,2097152,6312427520,6314524672
brk,2097152,6316621824,6318718976
brk,2097152,6320816128,6322913280
brk,2097152,6325010432,6327107584
brk,2097152,6329204736,6331301888
brk,2097152,6333399040,6335496192
brk,2097152,6337593344,6339690496
brk,2097152,6341787648,6343884800
brk,2097152,6345981952,6348079104
brk,2097152,6350176256,6352273408
brk,2097152,6354370560,6356467712
brk,2097152,6358564864,6360662016
brk,2097152,6362759168,6364856320
brk,2097152,6366953472,6369050624
brk,2097152,6371147776,6373244928
brk,2097152,6375342080,6377439232
brk,2097152,6379536384,6381633536
brk,2097152,6383730688,6385827840
brk,2097152,6387924992,6390022144
brk,2097152,6392119296,6394216448
brk,2097152,6396313600,6398410752
brk,2097152,6400507904,6402605056
brk,2097152,6404702208,6406799360
brk,2097152,6408896512,6410993664
brk,2097152,6413090816,6415187968
brk,2097152,6417285120,6419382272
brk,2097152,6421479424,6423576576
brk,2097152,6425673728,6427770880
brk,2097152,6429868032,6431965184
brk,2097152,6434062336,6436159488
brk,2097152,6438256640,6440353792
brk,2097152,6442450944,6444548096
brk,2097152,6446645248,6448742400
brk,2097152,6450839552,6452936704
brk,2097152,6455033856,6457131008
brk,2097152,6459228160,6461325312
brk,2097152,6463422464,6465519616
brk,2097152,6467616768,6469713920
brk,2097152,6471811072,6473908224
brk,2097152,6476005376,6478102528
brk,2097152,6480199680,6482296832
brk,2097152,6484393984,6486491136
brk,2097152,6488588288,6490685440
brk,2097152,6492782592,6494879744
brk,2097152,6496976896,6499074048
brk,2097152,6501171200,6503268352
brk,2097152,6505365504,6507462656
brk,2097152,6509559808,6511656960
brk,2097152,6513754112,6515851264
brk,2097152,6517948416,6520045568
brk,2097152,6522142720,6524239872
brk,2097152,6526337024,6528434176
brk,2097152,6530531328,6532628480
brk,2097152,6534725632,6536822784
brk,2097152,6538919936,6541017088
brk,2097152,6543114240,6545211392
brk,2097152,6547308544,6549405696
brk,2097152,6551502848,6553600000
brk,2097152,6555697152,6557794304
brk,2097152,6559891456,6561988608
brk,2097152,6564085760,6566182912
brk,2097152,6568280064,6570377216
brk,2097152,6572474368,6574571520
brk,2097152,6576668672,6578765824
brk,2097152,6580862976,6582960128
brk,2097152,6585057280,6587154432
brk,2097152,6589251584,6591348736
brk,2097152,6593445888,6595543040
brk,2097152,6597640192,6599737344
brk,2097152,6601834496,6603931648
brk,2097152,6606028800,6608125952
brk,2097152,6610223104,6612320256
brk,2097152,6614417408,6616514560
brk,2097152,6618611712,6620708864
brk,2097152,6622806016,6624903168
brk,2097152,6627000320,6629097472
brk,2097152,6631194624,6633291776
brk,2097152,6635388928,6637486080
brk,2097152,6639583232,6641680384
brk,2097152,6643777536,6645874688
brk,2097152,6647971840,6650068992
brk,2097152,6652166144,6654263296
brk,2097152,6656360448,6658457600
brk,2097152,6660554752,6662651904
brk,2097152,6664749056,6666846208
brk,2097152,6668943360,6671040512
brk,2097152,6673137664,6675234816
brk,2097152,6677331968,6679429120
brk,2097152,6681526272,6683623424
brk,2097152,6685720576,6687817728
brk,2097152,6689914880,6692012032
brk,2097152,6694109184,6696206336
brk,2097152,6698303488,6700400640
brk,2097152,6702497792,6704594944
brk,2097152,6706692096,6708789248
brk,2097152,6710886400,6712983552
brk,2097152,6715080704,6717177856
brk,2097152,6719275008,6721372160
brk,2097152,6723469312,6725566464
brk,2097152,6727663616,6729760768
brk,2097152,6731857920,6733955072
brk,2097152,6736052224,6738149376
brk,2097152,6740246528,6742343680
brk,2097152,6744440832,6746537984
brk,2097152,6748635136,6750732288
brk,2097152,6752829440,6754926592
brk,2097152,6757023744,6759120896
brk,2097152,6761218048,6763315200
brk,2097152,6765412352,6767509504
brk,2097152,6769606656,6771703808
brk,2097152,6773800960,6775898112
brk,2097152,6777995264,6780092416
brk,2097152,6782189568,6784286720
brk,2097152,6786383872,6788481024
brk,2097152,6790578176,6792675328
brk,2097152,6794772480,6796869632
brk,2097152,6798966784,6801063936
brk,2097152,6803161088,6805258240
brk,2097152,6807355392,6809452544
brk,2097152,6811549696,6813646848
brk,2097152,6815744000,6817841152
brk,2097152,6819938304,6822035456
brk,2097152,6824132608,6826229760
brk,2097152,6828326912,6830424064
brk,2097152,6832521216,6834618368
brk,2097152,6836715520,6838812672
brk,2097152,6840909824,6843006976
brk,2097152,6845104128,6847201280
brk,2097152,6849298432,6851395584
brk,2097152,6853492736,6855589888
brk,2097152,6857687040,6859784192
brk,2097152,6861881344,6863978496
brk,2097152,6866075648,6868172800
brk,2097152,6870269952,6872367104
brk,2097152,6874464256,6876561408
brk,2097152,6878658560,6880755712
brk,2097152,6882852864,6884950016
brk,2097152,6887047168,6889144320
brk,2097152,6891241472,6893338624
brk,2097152,6895435776,6897532928
brk,2097152,6899630080,6901727232
brk,2097152,6903824384,6905921536
brk,2097152,6908018688,6910115840
brk,2097152,6912212992,6914310144
brk,2097152,6916407296,6918504448
brk,2097152,6920601600,6922698752
brk,2097152,6924795904,6926893056
brk,2097152,6928990208,6931087360
brk,2097152,6933184512,6935281664
brk,2097152,6937378816,6939475968
brk,2097152,6941573120,6943670272
brk,2097152,6945767424,6947864576
brk,2097152,6949961728,6952058880
brk,2097152,6954156032,6956253184
brk,2097152,6958350336,6960447488
brk,2097152,6962544640,6964641792
brk,2097152,6966738944,6968836096
brk,2097152,6970933248,6973030400
brk,2097152,6975127552,6977224704
brk,2097152,6979321856,6981419008
brk,2097152,6983516160,6985613312
brk,2097152,6987710464,6989807616
brk,2097152,6991904768,6994001920
brk,2097152,6996099072,6998196224
brk,2097152,7000293376,7002390528
brk,2097152,7004487680,7006584832
brk,2097152,7008681984,7010779136
brk,2097152,7012876288,7014973440
brk,2097152,7017070592,7019167744
brk,2097152,7021264896,7023362048
brk,2097152,7025459200,7027556352
brk,2097152,7029653504,7031750656
brk,2097152,7033847808,7035944960
brk,2097152,7038042112,7040139264
brk,2097152,7042236416,7044333568
brk,2097152,7046430720,7048527872
brk,2097152,7050625024,7052722176
brk,2097152,7054819328,7056916480
brk,2097152,7059013632,7061110784
brk,2097152,7063207936,7065305088
brk,2097152,7067402240,7069499392
brk,2097152,7071596544,7073693696
brk,2097152,7075790848,7077888000
brk,2097152,7079985152,7082082304
brk,2097152,7084179456,7086276608
brk,2097152,7088373760,7090470912
brk,2097152,7092568064,7094665216
brk,2097152,7096762368,7098859520
brk,2097152,7100956672,7103053824
brk,2097152,7105150976,7107248128
brk,2097152,7109345280,7111442432
brk,2097152,7113539584,7115636736
brk,2097152,7117733888,7119831040
brk,2097152,7121928192,7124025344
brk,2097152,7126122496,7128219648
brk,2097152,7130316800,7132413952
brk,2097152,7134511104,7136608256
brk,2097152,7138705408,7140802560
brk,2097152,7142899712,7144996864
brk,2097152,7147094016,7149191168
brk,2097152,7151288320,7153385472
brk,2097152,7155482624,7157579776
brk,2097152,7159676928,7161774080
brk,2097152,7163871232,7165968384
brk,2097152,7168065536,7170162688
brk,2097152,7172259840,7174356992
brk,2097152,7176454144,7178551296
brk,2097152,7180648448,7182745600
brk,2097152,7184842752,7186939904
brk,2097152,7189037056,7191134208
brk,2097152,7193231360,7195328512
brk,2097152,7197425664,7199522816
brk,2097152,7201619968,7203717120
brk,2097152,7205814272,7207911424
brk,2097152,7210008576,7212105728
brk,2097152,7214202880,7216300032
brk,2097152,7218397184,7220494336
brk,2097152,7222591488,7224688640
brk,2097152,7226785792,7228882944
brk,2097152,7230980096,7233077248
brk,2097152,7235174400,7237271552
brk,2097152,7239368704,7241465856
brk,2097152,7243563008,7245660160
brk,2097152,7247757312,7249854464
brk,2097152,7251951616,7254048768
brk,2097152,7256145920,7258243072
brk,2097152,7260340224,7262437376
brk,2097152,7264534528,7266631680
brk,2097152,7268728832,7270825984
brk,2097152,7272923136,7275020288
brk,2097152,7277117440,7279214592
brk,2097152,7281311744,7283408896
brk,2097152,7285506048,7287603200
brk,2097152,7289700352,7291797504
brk,2097152,7293894656,7295991808
brk,2097152,7298088960,7300186112
brk,2097152,7302283264,7304380416
brk,2097152,7306477568,7308574720
brk,2097152,7310671872,7312769024
brk,2097152,7314866176,7316963328
brk,2097152,7319060480,7321157632
brk,2097152,7323254784,7325351936
brk,2097152,7327449088,7329546240
brk,2097152,7331643392,7333740544
brk,2097152,7335837696,7337934848
brk,2097152,7340032000,7342129152
brk,2097152,7344226304,7346323456
brk,2097152,7348420608,7350517760
brk,2097152,7352614912,7354712064
brk,2097152,7356809216,7358906368
brk,2097152,7361003520,7363100672
brk,2097152,7365197824,7367294976
brk,2097152,7369392128,7371489280
brk,2097152,7373586432,7375683584
brk,2097152,7377780736,7379877888
brk,2097152,7381975040,7384072192
brk,2097152,7386169344,7388266496
brk,2097152,7390363648,7392460800
brk,2097152,7394557952,7396655104
brk,2097152,7398752256,7400849408
brk,2097152,7402946560,7405043712
brk,2097152,7407140864,7409238016
brk,2097152,7411335168,7413432320
brk,2097152,7415529472,7417626624
brk,2097152,7419723776,7421820928
brk,2097152,7423918080,7426015232
brk,2097152,7428112384,7430209536
brk,2097152,7432306688,7434403840
brk,2097152,7436500992,7438598144
brk,2097152,7440695296,7442792448
brk,2097152,7444889600,7446986752
brk,2097152,7449083904,7451181056
brk,2097152,7453278208,7455375360
brk,2097152,7457472512,7459569664
brk,2097152,7461666816,7463763968
brk,2097152,7465861120,7467958272
brk,2097152,7470055424,7472152576
brk,2097152,7474249728,7476346880
brk,2097152,7478444032,7480541184
brk,2097152,7482638336,7484735488
brk,2097152,7486832640,7488929792
brk,2097152,7491026944,7493124096
brk,2097152,7495221248,7497318400
brk,2097152,7499415552,7501512704
brk,2097152,7503609856,7505707008
brk,2097152,7507804160,7509901312
brk,2097152,7511998464,7514095616
brk,2097152,7516192768,7518289920
brk,2097152,7520387072,7522484224
brk,2097152,7524581376,7526678528
brk,2097152,7528775680,7530872832
brk,2097152,7532969984,7535067136
brk,2097152,7537164288,7539261440
brk,2097152,7541358592,7543455744
brk,2097152,7545552896,7547650048
brk,2097152,7549747200,7551844352
brk,2097152,7553941504,7556038656
brk,2097152,7558135808,7560232960
brk,2097152,7562330112,7564427264
brk,2097152,7566524416,7568621568
brk,2097152,7570718720,7572815872
brk,2097152,7574913024,7577010176
brk,2097152,7579107328,7581204480
brk,2097152,7583301632,7585398784
brk,2097152,7587495936,7589593088
brk,2097152,7591690240,7593787392
brk,2097152,7595884544,7597981696
brk,2097152,7600078848,7602176000
brk,2097152,7604273152,7606370304
brk,2097152,7608467456,7610564608
brk,2097152,7612661760,7614758912
brk,2097152,7616856064,7618953216
brk,2097152,7621050368,7623147520
brk,2097152,7625244672,7627341824
brk,2097152,7629438976,7631536128
brk,2097152,7633633280,7635730432
brk,2097152,7637827584,7639924736
brk,2097152,7642021888,7644119040
brk,2097152,7646216192,7648313344
brk,2097152,7650410496,7652507648
brk,2097152,7654604800,7656701952
brk,2097152,7658799104,7660896256
brk,2097152,7662993408,7665090560
brk,2097152,7667187712,7669284864
brk,2097152,7671382016,7673479168
brk,2097152,7675576320,7677673472
brk,2097152,7679770624,7681867776
brk,2097152,7683964928,7686062080
brk,2097152,7688159232,7690256384
brk,2097152,7692353536,7694450688
brk,2097152,7696547840,7698644992
brk,2097152,7700742144,7702839296
brk,2097152,7704936448,7707033600
brk,2097152,7709130752,7711227904
brk,2097152,7713325056,7715422208
brk,2097152,7717519360,7719616512
brk,2097152,7721713664,7723810816
brk,2097152,7725907968,7728005120
brk,2097152,7730102272,7732199424
brk,2097152,7734296576,7736393728
brk,2097152,7738490880,7740588032
brk,2097152,7742685184,7744782336
brk,2097152,7746879488,7748976640
brk,2097152,7751073792,7753170944
brk,2097152,7755268096,7757365248
brk,2097152,7759462400,7761559552
brk,2097152,7763656704,7765753856
brk,2097152,7767851008,7769948160
brk,2097152,7772045312,7774142464
brk,2097152,7776239616,7778336768
brk,2097152,7780433920,7782531072
brk,2097152,7784628224,7786725376
brk,2097152,7788822528,7790919680
brk,2097152,7793016832,7795113984
brk,2097152,7797211136,7799308288
brk,2097152,7801405440,7803502592
brk,2097152,7805599744,7807696896
brk,2097152,7809794048,7811891200
brk,2097152,7813988352,7816085504
brk,2097152,7818182656,7820279808
brk,2097152,7822376960,7824474112
brk,2097152,7826571264,7828668416
brk,2097152,7830765568,7832862720
brk,2097152,7834959872,7837057024
brk,2097152,7839154176,7841251328
brk,2097152,7843348480,7845445632
brk,2097152,7847542784,7849639936
brk,2097152,7851737088,7853834240
brk,2097152,7855931392,7858028544
brk,2097152,7860125696,7862222848
brk,2097152,7864320000,7866417152
brk,2097152,7868514304,7870611456
brk,2097152,7872708608,7874805760
brk,2097152,7876902912,7879000064
brk,2097152,7881097216,7883194368
brk,2097152,7885291520,7887388672
brk,2097152,7889485824,7891582976
brk,2097152,7893680128,7895777280
brk,2097152,7897874432,7899971584
brk,2097152,7902068736,7904165888
brk,2097152,7906263040,7908360192
brk,2097152,7910457344,7912554496
brk,2097152,7914651648,7916748800
brk,2097152,7918845952,7920943104
brk,2097152,7923040256,7925137408
brk,2097152,7927234560,7929331712
brk,2097152,7931428864,7933526016
brk,2097152,7935623168,7937720320
brk,2097152,7939817472,7941914624
brk,2097152,7944011776,7946108928
brk,2097152,7948206080,7950303232
brk,2097152,7952400384,7954497536
brk,2097152,7956594688,7958691840
brk,2097152,7960788992,7962886144
brk,2097152,7964983296,7967080448
brk,2097152,7969177600,7971274752
brk,2097152,7973371904,7975469056
brk,2097152,7977566208,7979663360
brk,2097152,7981760512,7983857664
brk,2097152,7985954816,7988051968
brk,2097152,7990149120,7992246272
brk,2097152,7994343424,7996440576
brk,2097152,7998537728,8000634880
brk,2097152,8002732032,8004829184
brk,2097152,8006926336,8009023488
brk,2097152,8011120640,8013217792
brk,2097152,8015314944,8017412096
brk,2097152,8019509248,8021606400
brk,2097152,8023703552,8025800704
brk,2097152,8027897856,8029995008
brk,2097152,8032092160,8034189312
brk,2097152,8036286464,8038383616
brk,2097152,8040480768,8042577920
brk,2097152,8044675072,8046772224
brk,2097152,8048869376,8050966528
brk,2097152,8053063680,8055160832
brk,2097152,8057257984,8059355136
brk,2097152,8061452288,8063549440
brk,2097152,8065646592,8067743744
brk,2097152,8069840896,8071938048
brk,2097152,8074035200,8076132352
brk,2097152,8078229504,8080326656
brk,2097152,8082423808,8084520960
brk,2097152,8086618112,8088715264
brk,2097152,8090812416,8092909568
brk,2097152,8095006720,8097103872
brk,2097152,8099201024,8101298176
brk,2097152,8103395328,8105492480
brk,2097152,8107589632,8109686784
brk,2097152,8111783936,8113881088
brk,2097152,8115978240,8118075392
brk,2097152,8120172544,8122269696
brk,2097152,8124366848,8126464000
brk,2097152,8128561152,8130658304
brk,2097152,8132755456,8134852608
brk,2097152,8136949760,8139046912
brk,2097152,8141144064,8143241216
brk,2097152,8145338368,8147435520
brk,2097152,8149532672,8151629824
brk,2097152,8153726976,8155824128
brk,2097152,8157921280,8160018432
brk,2097152,8162115584,8164212736
brk,2097152,8166309888,8168407040
brk,2097152,8170504192,8172601344
brk,2097152,8174698496,8176795648
brk,2097152,8178892800,8180989952
brk,2097152,8183087104,8185184256
brk,2097152,8187281408,8189378560
brk,2097152,8191475712,8193572864
brk,2097152,8195670016,8197767168
brk,2097152,8199864320,8201961472
brk,2097152,8204058624,8206155776
brk,2097152,8208252928,8210350080
brk,2097152,8212447232,8214544384
brk,2097152,8216641536,8218738688
brk,2097152,8220835840,8222932992
brk,2097152,8225030144,8227127296
brk,2097152,8229224448,8231321600
brk,2097152,8233418752,8235515904
brk,2097152,8237613056,8239710208
brk,2097152,8241807360,8243904512
brk,2097152,8246001664,8248098816
brk,2097152,8250195968,8252293120
brk,2097152,8254390272,8256487424
brk,2097152,8258584576,8260681728
brk,2097152,8262778880,8264876032
brk,2097152,8266973184,8269070336
brk,2097152,8271167488,8273264640
brk,2097152,8275361792,8277458944
brk,2097152,8279556096,8281653248
brk,2097152,8283750400,8285847552
brk,2097152,8287944704,8290041856
brk,2097152,8292139008,8294236160
brk,2097152,8296333312,8298430464
brk,2097152,8300527616,8302624768
brk,2097152,8304721920,8306819072
brk,2097152,8308916224,8311013376
brk,2097152,8313110528,8315207680
brk,2097152,8317304832,8319401984
brk,2097152,8321499136,8323596288
brk,2097152,8325693440,8327790592
brk,2097152,8329887744,8331984896
brk,2097152,8334082048,8336179200
brk,2097152,8338276352,8340373504
brk,2097152,8342470656,8344567808
brk,2097152,8346664960,8348762112
brk,2097152,8350859264,8352956416
brk,2097152,8355053568,8357150720
brk,2097152,8359247872,8361345024
brk,2097152,8363442176,8365539328
brk,2097152,8367636480,8369733632
brk,2097152,8371830784,8373927936
brk,2097152,8376025088,8378122240
brk,2097152,8380219392,8382316544
brk,2097152,8384413696,8386510848
brk,2097152,8388608000,8390705152
brk,2097152,8392802304,8394899456
brk,2097152,8396996608,8399093760
brk,2097152,8401190912,8403288064
brk,2097152,8405385216,8407482368
brk,2097152,8409579520,8411676672
brk,2097152,8413773824,8415870976
brk,2097152,8417968128,8420065280
brk,2097152,8422162432,8424259584
brk,2097152,8426356736,8428453888
brk,2097152,8430551040,8432648192
brk,2097152,8434745344,8436842496
brk,2097152,8438939648,8441036800
brk,2097152,8443133952,8445231104
brk,2097152,8447328256,8449425408
brk,2097152,8451522560,8453619712
brk,2097152,8455716864,8457814016
brk,2097152,8459911168,8462008320
brk,2097152,8464105472,8466202624
brk,2097152,8468299776,8470396928
brk,2097152,8472494080,8474591232
brk,2097152,8476688384,8478785536
brk,2097152,8480882688,8482979840
brk,2097152,8485076992,8487174144
brk,2097152,8489271296,8491368448
brk,2097152,8493465600,8495562752
brk,2097152,8497659904,8499757056
brk,2097152,8501854208,8503951360
brk,2097152,8506048512,8508145664
brk,2097152,8510242816,8512339968
brk,2097152,8514437120,8516534272
brk,2097152,8518631424,8520728576
brk,2097152,8522825728,8524922880
brk,2097152,8527020032,8529117184
brk,2097152,8531214336,8533311488
brk,2097152,8535408640,8537505792
brk,2097152,8539602944,8541700096
brk,2097152,8543797248,8545894400
brk,2097152,8547991552,8550088704
brk,2097152,8552185856,8554283008
brk,2097152,8556380160,8558477312
brk,2097152,8560574464,8562671616
brk,2097152,8564768768,8566865920
brk,2097152,8568963072,8571060224
brk,2097152,8573157376,8575254528
brk,2097152,8577351680,8579448832
brk,2097152,8581545984,8583643136
brk,2097152,8585740288,8587837440
brk,2097152,8589934592,8592031744
brk,2097152,8594128896,8596226048
brk,2097152,8598323200,8600420352
brk,2097152,8602517504,8604614656
brk,2097152,8606711808,8608808960
brk,2097152,8610906112,8613003264
brk,2097152,8615100416,8617197568
brk,2097152,8619294720,8621391872
brk,2097152,8623489024,8625586176
brk,2097152,8627683328,8629780480
brk,2097152,8631877632,8633974784
brk,2097152,8636071936,8638169088
brk,2097152,8640266240,8642363392
brk,2097152,8644460544,8646557696
brk,2097152,8648654848,8650752000
brk,2097152,8652849152,8654946304
brk,2097152,8657043456,8659140608
brk,2097152,8661237760,8663334912
brk,2097152,8665432064,8667529216
brk,2097152,8669626368,8671723520
brk,2097152,8673820672,8675917824
brk,2097152,8678014976,8680112128
brk,2097152,8682209280,8684306432
brk,2097152,8686403584,8688500736
brk,2097152,8690597888,8692695040
brk,2097152,8694792192,8696889344

